alias,account,discord,reddit,twitter,website,email
1NANO Community,nano_16d45ow3tsj1y3z9n4satwzxgj6qiue1ggxbwbrj3b33qr58bzchkpsffpx4,dsiganos,,,,
ARaiNode,nano_3kqdiqmqiojr1aqqj51aq8bzz5jtwnkmhb38qwf3ppngo8uhhzkdkn7up7rp,arzarif,,,,
Binance,nano_3jwrszth46rk1mu7rmb4rhm54us8yg1gw3ipodftqtikf5yqdyr7471nsg1k,,,,,
gr0vity,nano_3msc38fyn67pgio16dj586pdrceahtn75qgnx7fy19wscixrc8dbb3abhbw6,gr0vity,,,,
Kappture,nano_3ktybzzy14zxgb6osbhcc155pwk7osbmf5gbh5fo73bsfu9wuiz54t1uozi1,,,,,
Kedrin,nano_15nt4cis8ac184q9mj7bedww9ay9zh5jk5k7sj9ypmz44twjcpz3cn6oijir,kedrin,,,,
Madora,nano_3g6ue89jij6bxaz3hodne1c7gzgw77xawpdz4p38siu145u3u17c46or4jeu,madora_io,,,,
Moonstruck.dev,nano_1ota8bpwwawmc8ksdz4ezzrb3afbdeipk1n7rbeguhm4muy1r649uzw5moon,lun,,,,
My1s Nano Node,nano_1my1snode8rwccjxkckjirj65zdxo6g5nhh16fh6sn7hwewxooyyesdsmii3,my1,,,,
Nano Charts,nano_3chartsi6ja8ay1qq9xg3xegqnbg1qx76nouw6jedyb8wx3r4wu94rxap7hg,frakilk,,NanoCharts,,
NANO ITALIA,nano_1wcxcjbwnnsdpee3d9i365e8bcj1uuyoqg9he5zjpt3r57dnjqe3gdc184ck,ts00397,,,,
Nanick,nano_3ekb6tp8ixtkibimyygepgkwckzhds9basxd5zfue4efjnxaan77gsnanick,nanick23,,,,
NanoBank,nano_1ec5optppmndqsb3rxu1qa4hpo39957s7mfqycpbd547jga4768o6xz8gfie,wendersonferreira,,,,
NanoLooker,nano_1ookerz3adg5rxc4zwwoshim5yyyihf6dpogjihwwq6ksjpq7ea4fuam5mmc,runningcoder,,,,
NanoTicker,nano_1iuz18n4g4wfp9gf7p1s8qkygxw7wx9qfjq6a9aq68uyrdnningdcjontgar,ricki2164,,,,
NanoWallets.guide,nano_1zuksmn4e8tjw1ch8m8fbrwy5459bx8645o9euj699rs13qy6ysjhrewioey,pippen,,,,
Patrick's Self-Hosted Nano Node,nano_3patrick68y5btibaujyu7zokw7ctu4onikarddphra6qt688xzrszcg4yuo,qwahzi,qwahzi,PatrickLuberus,,
PlayNano,nano_3pnanopr3d5g7o45zh3nmdkqpaqxhhp3mw14nzr41smjz8xsrfyhtf9xac77,playnano,,,,
Redeemfor.me / LuckyNano,nano_1oenixj4qtpfcembga9kqwggkb87wooicfy5df8nhdywrjrrqxk7or4gz15b,emulord,,,,
RsNano.com - Nano Rust Port,nano_1tk8h3yzkibbsti8upkfa69wqafz6mzfzgu8bu5edaay9k7hidqdunpr4tb6,gschauwecker,SeniorTawny,gschauwecker,rsnano.com,
warai,nano_33ad5app7jeo6jfe9ure6zsj8yg7knt6c1zrr5yg79ktfzk5ouhmpn6p5d7p,.warai,,,,
WeNano,nano_1wenanoqm7xbypou7x3nue1isaeddamjdnc3z99tekjbfezdbq8fmb659o7t,robotn,,,,
